<?xml version="1.0" encoding="UTF-8"?><axisInfo><defaultAxis><name></name><number>0</number><node>0</node><softLimits><pos><enabled>true</enabled></pos><vel><enabled>true</enabled></vel><accel><enabled>true</enabled></accel><decel><enabled>true</enabled></decel><torque><enabled>true</enabled></torque></softLimits><enableTimeout>100</enableTimeout><alarmCapacity>16</alarmCapacity></defaultAxis><axisList><axis><name>AXIS1</name><number>1</number><servoNetAxis><node>1</node></servoNetAxis><driveConversion><posScale>1.000000000</posScale><torqueScale>1.000000000</torqueScale></driveConversion><softLimits><pos><asymmetric><min>-1.79769300E+308</min><max>1.79769300E+308</max></asymmetric><enabled>true</enabled></pos><vel><enabled>true</enabled></vel><accel><enabled>true</enabled></accel><decel><enabled>true</enabled></decel><torque><enabled>true</enabled></torque></softLimits><enableTimeout>300</enableTimeout><alarmCapacity>16</alarmCapacity></axis><axis><name>AXIS2</name><number>2</number><servoNetAxis><node>2</node></servoNetAxis><driveConversion><posScale>1.000000000</posScale><torqueScale>1.000000000</torqueScale></driveConversion><softLimits><pos><asymmetric><min>-1.79769300E+308</min><max>1.79769300E+308</max></asymmetric><enabled>true</enabled></pos><vel><enabled>true</enabled></vel><accel><enabled>true</enabled></accel><decel><enabled>true</enabled></decel><torque><enabled>true</enabled></torque></softLimits><enableTimeout>300</enableTimeout><alarmCapacity>16</alarmCapacity></axis><axis><name>AXIS3</name><number>3</number><servoNetAxis><node>3</node></servoNetAxis><driveConversion><posScale>1.000000000</posScale><torqueScale>1.000000000</torqueScale></driveConversion><softLimits><pos><asymmetric><min>-1.79769300E+308</min><max>1.79769300E+308</max></asymmetric><enabled>true</enabled></pos><vel><enabled>true</enabled></vel><accel><enabled>true</enabled></accel><decel><enabled>true</enabled></decel><torque><enabled>true</enabled></torque></softLimits><enableTimeout>300</enableTimeout><alarmCapacity>16</alarmCapacity></axis><axis><name>AXIS4</name><number>4</number><servoNetAxis><node>4</node></servoNetAxis><driveConversion><posScale>1.000000000</posScale><torqueScale>1.000000000</torqueScale></driveConversion><softLimits><pos><asymmetric><min>-1.79769300E+308</min><max>1.79769300E+308</max></asymmetric><enabled>true</enabled></pos><vel><enabled>true</enabled></vel><accel><enabled>true</enabled></accel><decel><enabled>true</enabled></decel><torque><enabled>true</enabled></torque></softLimits><enableTimeout>300</enableTimeout><alarmCapacity>16</alarmCapacity></axis><axis><name>AXIS26</name><number>26</number><virtualAxis /><driveConversion><posScale>1.000000000</posScale><torqueScale>1.000000000</torqueScale></driveConversion><softLimits><pos><asymmetric><min>-1.79769300E+308</min><max>1.79769300E+308</max></asymmetric><enabled>true</enabled></pos><vel><enabled>true</enabled></vel><accel><enabled>true</enabled></accel><decel><enabled>true</enabled></decel><torque><enabled>true</enabled></torque></softLimits><enableTimeout>300</enableTimeout><alarmCapacity>16</alarmCapacity></axis><axis><name>AXIS27</name><number>27</number><virtualAxis /><driveConversion><posScale>1.000000000</posScale><torqueScale>1.000000000</torqueScale></driveConversion><softLimits><pos><asymmetric><min>-1.79769300E+308</min><max>1.79769300E+308</max></asymmetric><enabled>true</enabled></pos><vel><enabled>true</enabled></vel><accel><enabled>true</enabled></accel><decel><enabled>true</enabled></decel><torque><enabled>true</enabled></torque></softLimits><enableTimeout>300</enableTimeout><alarmCapacity>16</alarmCapacity></axis><axis><name>AXIS28</name><number>28</number><virtualAxis /><driveConversion><posScale>1.000000000</posScale><torqueScale>1.000000000</torqueScale></driveConversion><softLimits><pos><asymmetric><min>-1.79769300E+308</min><max>1.79769300E+308</max></asymmetric><enabled>true</enabled></pos><vel><enabled>true</enabled></vel><accel><enabled>true</enabled></accel><decel><enabled>true</enabled></decel><torque><enabled>true</enabled></torque></softLimits><enableTimeout>300</enableTimeout><alarmCapacity>16</alarmCapacity></axis><axis><name>AXIS29</name><number>29</number><virtualAxis /><driveConversion><posScale>1.000000000</posScale><torqueScale>1.000000000</torqueScale></driveConversion><softLimits><pos><asymmetric><min>-1.79769300E+308</min><max>1.79769300E+308</max></asymmetric><enabled>true</enabled></pos><vel><enabled>true</enabled></vel><accel><enabled>true</enabled></accel><decel><enabled>true</enabled></decel><torque><enabled>true</enabled></torque></softLimits><enableTimeout>300</enableTimeout><alarmCapacity>16</alarmCapacity></axis><axis><name>AXIS30</name><number>30</number><virtualAxis /><driveConversion><posScale>1.000000000</posScale><torqueScale>1.000000000</torqueScale></driveConversion><softLimits><pos><asymmetric><min>-1.79769300E+308</min><max>1.79769300E+308</max></asymmetric><enabled>true</enabled></pos><vel><enabled>true</enabled></vel><accel><enabled>true</enabled></accel><decel><enabled>true</enabled></decel><torque><enabled>true</enabled></torque></softLimits><enableTimeout>300</enableTimeout><alarmCapacity>16</alarmCapacity></axis></axisList></axisInfo>