<?xml version="1.0" encoding="UTF-8"?><?xml-stylesheet href="axisgrid.xsl" type="text/xsl"?><WebContent><ssiEnvelope><axis><name>AXIS1</name><number>1</number><node>1</node><amp><model>SGDV-R90A11A</model><type>rotary</type><firmwareVersion>36</firmwareVersion><ratedPower>100</ratedPower><ratedCurrent>1.300000000</ratedCurrent><voltage>200</voltage><gear>1:1</gear></amp><motor><type>rotary</type><model>SGMAV-01A3A61</model><ratedTorque>0.318000000</ratedTorque><maxTorque>300.0000000</maxTorque><ratedSpeed>3000</ratedSpeed><maxSpeed>6000</maxSpeed><power>100</power><ratedCurrent>1.300000000</ratedCurrent><voltage>200</voltage><inertia>0.038000000</inertia></motor><encoder><type>incremental (ABS-capable)</type><model></model><resolution>1048576</resolution></encoder><conversions><torqueScale>1.000000000</torqueScale><torqueOffset>0.000000000</torqueOffset><positionScale>1.000000000</positionScale><positionOffset>0.000000000</positionOffset></conversions><limits><pos><abs>1.79769300E+308</abs></pos><vel /><accel /><decel /><jerk /><torque /></limits></axis><axis><name>AXIS2</name><number>2</number><node>2</node><amp><model>SGDV-R90A11A</model><type>rotary</type><firmwareVersion>36</firmwareVersion><ratedPower>100</ratedPower><ratedCurrent>1.300000000</ratedCurrent><voltage>200</voltage><gear>1:1</gear></amp><motor><type>rotary</type><model>SGMAV-01A3A61</model><ratedTorque>0.318000000</ratedTorque><maxTorque>300.0000000</maxTorque><ratedSpeed>3000</ratedSpeed><maxSpeed>6000</maxSpeed><power>100</power><ratedCurrent>1.300000000</ratedCurrent><voltage>200</voltage><inertia>0.038000000</inertia></motor><encoder><type>incremental (ABS-capable)</type><model></model><resolution>1048576</resolution></encoder><conversions><torqueScale>1.000000000</torqueScale><torqueOffset>0.000000000</torqueOffset><positionScale>1.000000000</positionScale><positionOffset>0.000000000</positionOffset></conversions><limits><pos><abs>1.79769300E+308</abs></pos><vel /><accel /><decel /><jerk /><torque /></limits></axis><axis><name>AXIS3</name><number>3</number><node>3</node><amp><model>SGDV-R70A11B002000</model><type>rotary</type><firmwareVersion>40</firmwareVersion><ratedPower>50</ratedPower><ratedCurrent>0.900000000</ratedCurrent><voltage>200</voltage><gear>1:1</gear></amp><motor><type>rotary</type><model>SGMAV-A5A3A61</model><ratedTorque>0.159000000</ratedTorque><maxTorque>300.0000000</maxTorque><ratedSpeed>3000</ratedSpeed><maxSpeed>6000</maxSpeed><power>50</power><ratedCurrent>0.900000000</ratedCurrent><voltage>200</voltage><inertia>0.024200000</inertia></motor><encoder><type>incremental (ABS-capable)</type><model></model><resolution>1048576</resolution></encoder><conversions><torqueScale>1.000000000</torqueScale><torqueOffset>0.000000000</torqueOffset><positionScale>1.000000000</positionScale><positionOffset>0.000000000</positionOffset></conversions><limits><pos><abs>1.79769300E+308</abs></pos><vel /><accel /><decel /><jerk /><torque /></limits></axis><axis><name>AXIS4</name><number>4</number><node>4</node><amp><model>SGDV-R70A11B002000</model><type>rotary</type><firmwareVersion>40</firmwareVersion><ratedPower>50</ratedPower><ratedCurrent>0.900000000</ratedCurrent><voltage>200</voltage><gear>1:1</gear></amp><motor><type>rotary</type><model>SGMAV-A5A3A61</model><ratedTorque>0.159000000</ratedTorque><maxTorque>300.0000000</maxTorque><ratedSpeed>3000</ratedSpeed><maxSpeed>6000</maxSpeed><power>50</power><ratedCurrent>0.900000000</ratedCurrent><voltage>200</voltage><inertia>0.024200000</inertia></motor><encoder><type>incremental (ABS-capable)</type><model></model><resolution>1048576</resolution></encoder><conversions><torqueScale>1.000000000</torqueScale><torqueOffset>0.000000000</torqueOffset><positionScale>1.000000000</positionScale><positionOffset>0.000000000</positionOffset></conversions><limits><pos><abs>1.79769300E+308</abs></pos><vel /><accel /><decel /><jerk /><torque /></limits></axis><axis><name>AXIS26</name><number>26</number><node>-1</node><amp><model></model><type>virtual</type><firmwareVersion>0</firmwareVersion><ratedPower>0</ratedPower><ratedCurrent>0.000000000</ratedCurrent><voltage>0</voltage><gear></gear></amp><motor><type></type><model></model><ratedTorque>0.000000000</ratedTorque><maxTorque>0.000000000</maxTorque><ratedSpeed>0</ratedSpeed><maxSpeed>0</maxSpeed><power>0</power><ratedCurrent>0.000000000</ratedCurrent><voltage>0</voltage><inertia>0.000000000</inertia></motor><encoder><type></type><model></model><resolution>0</resolution></encoder><conversions><torqueScale>1.000000000</torqueScale><torqueOffset>0.000000000</torqueOffset><positionScale>1.000000000</positionScale><positionOffset>0.000000000</positionOffset></conversions><limits><pos><abs>1.79769300E+308</abs></pos><vel /><accel /><decel /><jerk /><torque /></limits></axis><axis><name>AXIS27</name><number>27</number><node>-1</node><amp><model></model><type>virtual</type><firmwareVersion>0</firmwareVersion><ratedPower>0</ratedPower><ratedCurrent>0.000000000</ratedCurrent><voltage>0</voltage><gear></gear></amp><motor><type></type><model></model><ratedTorque>0.000000000</ratedTorque><maxTorque>0.000000000</maxTorque><ratedSpeed>0</ratedSpeed><maxSpeed>0</maxSpeed><power>0</power><ratedCurrent>0.000000000</ratedCurrent><voltage>0</voltage><inertia>0.000000000</inertia></motor><encoder><type></type><model></model><resolution>0</resolution></encoder><conversions><torqueScale>1.000000000</torqueScale><torqueOffset>0.000000000</torqueOffset><positionScale>1.000000000</positionScale><positionOffset>0.000000000</positionOffset></conversions><limits><pos><abs>1.79769300E+308</abs></pos><vel /><accel /><decel /><jerk /><torque /></limits></axis><axis><name>AXIS28</name><number>28</number><node>-1</node><amp><model></model><type>virtual</type><firmwareVersion>0</firmwareVersion><ratedPower>0</ratedPower><ratedCurrent>0.000000000</ratedCurrent><voltage>0</voltage><gear></gear></amp><motor><type></type><model></model><ratedTorque>0.000000000</ratedTorque><maxTorque>0.000000000</maxTorque><ratedSpeed>0</ratedSpeed><maxSpeed>0</maxSpeed><power>0</power><ratedCurrent>0.000000000</ratedCurrent><voltage>0</voltage><inertia>0.000000000</inertia></motor><encoder><type></type><model></model><resolution>0</resolution></encoder><conversions><torqueScale>1.000000000</torqueScale><torqueOffset>0.000000000</torqueOffset><positionScale>1.000000000</positionScale><positionOffset>0.000000000</positionOffset></conversions><limits><pos><abs>1.79769300E+308</abs></pos><vel /><accel /><decel /><jerk /><torque /></limits></axis><axis><name>AXIS29</name><number>29</number><node>-1</node><amp><model></model><type>virtual</type><firmwareVersion>0</firmwareVersion><ratedPower>0</ratedPower><ratedCurrent>0.000000000</ratedCurrent><voltage>0</voltage><gear></gear></amp><motor><type></type><model></model><ratedTorque>0.000000000</ratedTorque><maxTorque>0.000000000</maxTorque><ratedSpeed>0</ratedSpeed><maxSpeed>0</maxSpeed><power>0</power><ratedCurrent>0.000000000</ratedCurrent><voltage>0</voltage><inertia>0.000000000</inertia></motor><encoder><type></type><model></model><resolution>0</resolution></encoder><conversions><torqueScale>1.000000000</torqueScale><torqueOffset>0.000000000</torqueOffset><positionScale>1.000000000</positionScale><positionOffset>0.000000000</positionOffset></conversions><limits><pos><abs>1.79769300E+308</abs></pos><vel /><accel /><decel /><jerk /><torque /></limits></axis><axis><name>AXIS30</name><number>30</number><node>-1</node><amp><model></model><type>virtual</type><firmwareVersion>0</firmwareVersion><ratedPower>0</ratedPower><ratedCurrent>0.000000000</ratedCurrent><voltage>0</voltage><gear></gear></amp><motor><type></type><model></model><ratedTorque>0.000000000</ratedTorque><maxTorque>0.000000000</maxTorque><ratedSpeed>0</ratedSpeed><maxSpeed>0</maxSpeed><power>0</power><ratedCurrent>0.000000000</ratedCurrent><voltage>0</voltage><inertia>0.000000000</inertia></motor><encoder><type></type><model></model><resolution>0</resolution></encoder><conversions><torqueScale>1.000000000</torqueScale><torqueOffset>0.000000000</torqueOffset><positionScale>1.000000000</positionScale><positionOffset>0.000000000</positionOffset></conversions><limits><pos><abs>1.79769300E+308</abs></pos><vel /><accel /><decel /><jerk /><torque /></limits></axis></ssiEnvelope></WebContent>