<?xml version="1.0" encoding="UTF-8"?><hardwareProfile><model>PMC-U-MP23S08</model><controller><model>PMC-U-MP23S</model><firmware><model>MP2300Siec</model><version>3.2.0.175</version></firmware><cpu><model>JEPMC-MP2300S-E-240</model><servoNet><model>Mechatrolink-II</model><servoNode><index>1</index><model>SGDV-R90A11A</model><version>36</version><motor><model>SGMAV-01A3A61</model></motor></servoNode><servoNode><index>2</index><model>SGDV-R90A11A</model><version>36</version><motor><model>SGMAV-01A3A61</model></motor></servoNode><servoNode><index>3</index><model>SGDV-R70A11B002000</model><version>40</version><motor><model>SGMAV-A5A3A61</model></motor></servoNode><servoNode><index>4</index><model>SGDV-R70A11B002000</model><version>40</version><motor><model>SGMAV-A5A3A61</model></motor></servoNode></servoNet></cpu><card><index>1</index><model>JAPMC-IO2300</model></card></controller></hardwareProfile>