<?xml version="1.0" encoding="UTF-8"?><io><ioManager><logicalInput><id>1</id><mask>15</mask><shift>0</shift><cpuIO><wordIndex>1</wordIndex><type>Digital</type></cpuIO></logicalInput><logicalInput><id>3</id><mask>62407</mask><shift>0</shift><networkIO><wordIndex>0</wordIndex><type>Digital</type><nodeID>1</nodeID><autoConfigID>0</autoConfigID></networkIO></logicalInput><logicalInput><id>4</id><mask>155</mask><shift>0</shift><networkIO><wordIndex>1</wordIndex><type>Digital</type><nodeID>1</nodeID><autoConfigID>0</autoConfigID></networkIO></logicalInput><logicalInput><id>5</id><mask>62407</mask><shift>0</shift><networkIO><wordIndex>0</wordIndex><type>Digital</type><nodeID>2</nodeID><autoConfigID>0</autoConfigID></networkIO></logicalInput><logicalInput><id>6</id><mask>155</mask><shift>0</shift><networkIO><wordIndex>1</wordIndex><type>Digital</type><nodeID>2</nodeID><autoConfigID>0</autoConfigID></networkIO></logicalInput><logicalInput><id>7</id><mask>62407</mask><shift>0</shift><networkIO><wordIndex>0</wordIndex><type>Digital</type><nodeID>3</nodeID><autoConfigID>0</autoConfigID></networkIO></logicalInput><logicalInput><id>8</id><mask>155</mask><shift>0</shift><networkIO><wordIndex>1</wordIndex><type>Digital</type><nodeID>3</nodeID><autoConfigID>0</autoConfigID></networkIO></logicalInput><logicalInput><id>9</id><mask>62407</mask><shift>0</shift><networkIO><wordIndex>0</wordIndex><type>Digital</type><nodeID>4</nodeID><autoConfigID>0</autoConfigID></networkIO></logicalInput><logicalInput><id>10</id><mask>155</mask><shift>0</shift><networkIO><wordIndex>1</wordIndex><type>Digital</type><nodeID>4</nodeID><autoConfigID>0</autoConfigID></networkIO></logicalInput><logicalInput><id>2</id><mask>65535</mask><shift>0</shift><cardIO><wordIndex>0</wordIndex><type>Digital</type><slotNo>0</slotNo><autoConfigID>0</autoConfigID></cardIO></logicalInput><logicalOutput><id>2</id><mask>7</mask><shift>0</shift><networkIO><wordIndex>0</wordIndex><type>Digital</type><nodeID>1</nodeID><autoConfigID>0</autoConfigID></networkIO></logicalOutput><logicalOutput><id>3</id><mask>7</mask><shift>0</shift><networkIO><wordIndex>0</wordIndex><type>Digital</type><nodeID>2</nodeID><autoConfigID>0</autoConfigID></networkIO></logicalOutput><logicalOutput><id>4</id><mask>7</mask><shift>0</shift><networkIO><wordIndex>0</wordIndex><type>Digital</type><nodeID>3</nodeID><autoConfigID>0</autoConfigID></networkIO></logicalOutput><logicalOutput><id>5</id><mask>7</mask><shift>0</shift><networkIO><wordIndex>0</wordIndex><type>Digital</type><nodeID>4</nodeID><autoConfigID>0</autoConfigID></networkIO></logicalOutput><logicalOutput><id>1</id><mask>65535</mask><shift>0</shift><cardIO><wordIndex>0</wordIndex><type>Digital</type><slotNo>0</slotNo><autoConfigID>0</autoConfigID></cardIO></logicalOutput><ioScan><triggerMultiple>1</triggerMultiple><offset>0</offset><maxDuration>0.000000000</maxDuration></ioScan></ioManager><modBusTCPIO><server><coils>128</coils><registers>1024</registers><inputs>128</inputs><inputRegisters>1024</inputRegisters><overlay>false</overlay><retain>true</retain><activityTimeout>7200</activityTimeout></server></modBusTCPIO></io>