<?xml version="1.0" encoding="utf-8"?>
<tasks>
  <task>
    <name>FastTsk</name>
    <device>
      <deviceType>Card</deviceType>
      <id>1</id>
      <partNum>JAPMC-IO2300</partNum>
      <partName>
      </partName>
      <ioGroup>IMO1</ioGroup>
      <ioGroup>OMO1</ioGroup>
    </device>
    <device>
      <deviceType>Servo</deviceType>
      <id>257</id>
      <partNum>SGDV-R90A11A</partNum>
      <partName>
      </partName>
      <ioGroup>IAX1</ioGroup>
      <ioGroup>OAX1</ioGroup>
    </device>
    <device>
      <deviceType>Servo</deviceType>
      <id>513</id>
      <partNum>SGDV-R90A11A</partNum>
      <partName>
      </partName>
      <ioGroup>IAX2</ioGroup>
      <ioGroup>OAX2</ioGroup>
    </device>
    <device>
      <deviceType>Servo</deviceType>
      <id>769</id>
      <partNum>SGDV-R70A11B002000</partNum>
      <partName>
      </partName>
      <ioGroup>IAX3</ioGroup>
      <ioGroup>OAX3</ioGroup>
    </device>
    <device>
      <deviceType>Servo</deviceType>
      <id>1025</id>
      <partNum>SGDV-R70A11B002000</partNum>
      <partName>
      </partName>
      <ioGroup>IAX4</ioGroup>
      <ioGroup>OAX4</ioGroup>
    </device>
    <device>
      <deviceType>ModbusServer</deviceType>
      <id>0</id>
      <partNum>PMC-U-MP23S</partNum>
      <partName>Controller as Modbus Slave</partName>
      <ioGroup>iMBWCoil05</ioGroup>
      <ioGroup>iMBWHR0616</ioGroup>
      <ioGroup>oMBInputs02</ioGroup>
      <ioGroup>oMBInReg04</ioGroup>
    </device>
  </task>
</tasks>