﻿<?xml version="1.0" encoding="utf-8"?>
<controllerConfig>
  <machineName>Resource</machineName>
  <ipAddress>192.168.1.1</ipAddress>
  <subnetMask>255.255.255.0</subnetMask>
  <gateway>192.168.1.253</gateway>
  <ioDeviceId>65534</ioDeviceId>
  <lastIoDeviceId>65535</lastIoDeviceId>
  <versions>
    <minFirmware>1.0.4.5</minFirmware>
    <actualFirmware>3.2.0.175</actualFirmware>
    <ide>3.7.4.17</ide>
    <updatedGearRatio>1.0.6.1</updatedGearRatio>
  </versions>
</controllerConfig>