<?xml version="1.0" encoding="utf-8"?><io><version>2.4.0.1</version><ioManager><logicalInput><id>1</id><mask>15</mask><cpuIO><wordIndex>1</wordIndex></cpuIO></logicalInput><logicalInput><id>3</id><mask>62407</mask><networkIO><wordIndex>0</wordIndex><nodeID>1</nodeID></networkIO></logicalInput><logicalInput><id>4</id><mask>155</mask><networkIO><wordIndex>1</wordIndex><nodeID>1</nodeID></networkIO></logicalInput><logicalInput><id>5</id><mask>62407</mask><networkIO><wordIndex>0</wordIndex><nodeID>2</nodeID></networkIO></logicalInput><logicalInput><id>6</id><mask>155</mask><networkIO><wordIndex>1</wordIndex><nodeID>2</nodeID></networkIO></logicalInput><logicalInput><id>7</id><mask>62407</mask><networkIO><wordIndex>0</wordIndex><nodeID>3</nodeID></networkIO></logicalInput><logicalInput><id>8</id><mask>155</mask><networkIO><wordIndex>1</wordIndex><nodeID>3</nodeID></networkIO></logicalInput><logicalInput><id>9</id><mask>62407</mask><networkIO><wordIndex>0</wordIndex><nodeID>4</nodeID></networkIO></logicalInput><logicalInput><id>10</id><mask>155</mask><networkIO><wordIndex>1</wordIndex><nodeID>4</nodeID></networkIO></logicalInput><logicalInput><id>2</id><mask>65535</mask><cardIO><wordIndex>0</wordIndex><slotNo>0</slotNo></cardIO></logicalInput><logicalOutput><id>2</id><mask>7</mask><networkIO><wordIndex>0</wordIndex><nodeID>1</nodeID></networkIO></logicalOutput><logicalOutput><id>3</id><mask>7</mask><networkIO><wordIndex>0</wordIndex><nodeID>2</nodeID></networkIO></logicalOutput><logicalOutput><id>4</id><mask>7</mask><networkIO><wordIndex>0</wordIndex><nodeID>3</nodeID></networkIO></logicalOutput><logicalOutput><id>5</id><mask>7</mask><networkIO><wordIndex>0</wordIndex><nodeID>4</nodeID></networkIO></logicalOutput><logicalOutput><id>1</id><mask>65535</mask><cardIO><wordIndex>0</wordIndex><slotNo>0</slotNo></cardIO></logicalOutput><ioScan><triggerMultiple>1</triggerMultiple><offset>0</offset><maxDuration>0.0</maxDuration></ioScan></ioManager><modBusTCPIO><server><coils>128</coils><registers>1024</registers><inputs>128</inputs><inputRegisters>1024</inputRegisters><overlay>false</overlay></server></modBusTCPIO></io>