<?xml version="1.0" encoding="utf-8"?><tasks><task><name>FastTsk</name><device><deviceType>Servo</deviceType><id>257</id><partNum>SGDV-****11*</partNum><partName>SGDV Rotary - 1</partName><ioGroup>IAX1</ioGroup><ioGroup>OAX1</ioGroup></device><device><deviceType>Servo</deviceType><id>513</id><partNum>SGDV-****11*</partNum><partName>SGDV Rotary - 2</partName><ioGroup>IAX2</ioGroup><ioGroup>OAX2</ioGroup></device><device><deviceType>Servo</deviceType><id>769</id><partNum>SGDV-****11*</partNum><partName>SGDV Rotary - 3</partName><ioGroup>IAX3</ioGroup><ioGroup>OAX3</ioGroup></device><device><deviceType>Servo</deviceType><id>1025</id><partNum>SGDV-****11*</partNum><partName>SGDV Rotary - 4</partName><ioGroup>IAX4</ioGroup><ioGroup>OAX4</ioGroup></device><device><deviceType>ModbusServer</deviceType><id>0</id><partNum>PMC-U-MP23S</partNum><partName>Modbus/TCP</partName><ioGroup>iMBWCoil05</ioGroup><ioGroup>iMBWHR0616</ioGroup><ioGroup>oMBInputs02</ioGroup><ioGroup>oMBInReg04</ioGroup></device><device><deviceType>Card</deviceType><id>1</id><partNum>JAPMC-IO2300</partNum><partName>LIO-01 - 1</partName><ioGroup>IMO1</ioGroup><ioGroup>OMO1</ioGroup></device></task></tasks>