<?xml version="1.0" encoding="utf-8"?><controllerConfig><versions><minFirmware>1.1.2.3</minFirmware><actualFirmware>3.2.0.175</actualFirmware><ide>3.7.4.17</ide><updatedGearRatio>1.0.6.1</updatedGearRatio><updatedMemoryMap>3.0.0.1</updatedMemoryMap></versions><machineName>Resource</machineName><ipAddress>192.168.1.3</ipAddress><subnetMask>255.255.255.0</subnetMask><gateway>192.168.1.3</gateway><driveConversion><axis><axisNumber>1</axisNumber><feedConstant>1</feedConstant><machineCycle>1</machineCycle><inputRatio>1</inputRatio><outputRatio>1</outputRatio><userUnits>1</userUnits><loadType>0</loadType></axis><axis><axisNumber>2</axisNumber><feedConstant>1</feedConstant><machineCycle>1</machineCycle><inputRatio>1</inputRatio><outputRatio>1</outputRatio><userUnits>1</userUnits><loadType>0</loadType></axis><axis><axisNumber>3</axisNumber><feedConstant>1</feedConstant><machineCycle>1</machineCycle><inputRatio>1</inputRatio><outputRatio>1</outputRatio><userUnits>1</userUnits><loadType>0</loadType></axis><axis><axisNumber>4</axisNumber><feedConstant>1</feedConstant><machineCycle>1</machineCycle><inputRatio>1</inputRatio><outputRatio>1</outputRatio><userUnits>1</userUnits><loadType>0</loadType></axis><axis><axisNumber>26</axisNumber><feedConstant>1</feedConstant><machineCycle>1</machineCycle><inputRatio>1</inputRatio><outputRatio>1</outputRatio><userUnits>1</userUnits><loadType>0</loadType></axis><axis><axisNumber>27</axisNumber><feedConstant>1</feedConstant><machineCycle>1</machineCycle><inputRatio>1</inputRatio><outputRatio>1</outputRatio><userUnits>1</userUnits><loadType>0</loadType></axis><axis><axisNumber>28</axisNumber><feedConstant>1</feedConstant><machineCycle>1</machineCycle><inputRatio>1</inputRatio><outputRatio>1</outputRatio><userUnits>1</userUnits><loadType>0</loadType></axis><axis><axisNumber>29</axisNumber><feedConstant>1</feedConstant><machineCycle>1</machineCycle><inputRatio>1</inputRatio><outputRatio>1</outputRatio><userUnits>1</userUnits><loadType>0</loadType></axis><axis><axisNumber>30</axisNumber><feedConstant>1</feedConstant><machineCycle>1</machineCycle><inputRatio>1</inputRatio><outputRatio>1</outputRatio><userUnits>1</userUnits><loadType>0</loadType></axis><axis><axisNumber>21</axisNumber><feedConstant>1</feedConstant><machineCycle>1</machineCycle><inputRatio>1</inputRatio><outputRatio>1</outputRatio><userUnits>1</userUnits><loadType>0</loadType></axis></driveConversion><lastIoDeviceId>65523</lastIoDeviceId><deviceNodesProps><nodeProps><nodeType>Axis</nodeType><id>257</id><prop><propNum>2020</propNum><propValue>0</propValue></prop></nodeProps><nodeProps><nodeType>Axis</nodeType><id>513</id><prop><propNum>2020</propNum><propValue>0</propValue></prop></nodeProps><nodeProps><nodeType>Axis</nodeType><id>769</id><prop><propNum>2020</propNum><propValue>0</propValue></prop></nodeProps><nodeProps><nodeType>Axis</nodeType><id>1025</id><prop><propNum>2020</propNum><propValue>0</propValue></prop></nodeProps><nodeProps><nodeType>Card</nodeType><id>1</id><prop><propNum>2020</propNum><propValue>0</propValue></prop></nodeProps><nodeProps><nodeType>ModbusTCP</nodeType><id>0</id><prop><propNum>2020</propNum><propValue>0</propValue></prop></nodeProps><nodeProps><nodeType>Ethernet</nodeType><id>0</id><prop><propNum>2020</propNum><propValue>0</propValue></prop></nodeProps></deviceNodesProps><encoderMapping><encoder><slot>1</slot><axisNum>21</axisNum></encoder></encoderMapping><modbusDataBlocks /><axisParameters><axisControllerParameters><axisInfo><axisName>AXIS1</axisName><nodeNumber>1</nodeNumber><networkNumber>1</networkNumber></axisInfo><parameter><parameterNumber>1000</parameterNumber><parameterValue>-8.366384506</parameterValue></parameter><parameter><parameterNumber>1001</parameterNumber><parameterValue>0</parameterValue></parameter><parameter><parameterNumber>1004</parameterNumber><parameterValue>0</parameterValue></parameter><parameter><parameterNumber>1010</parameterNumber><parameterValue>0</parameterValue></parameter><parameter><parameterNumber>1011</parameterNumber><parameterValue>0</parameterValue></parameter><parameter><parameterNumber>1014</parameterNumber><parameterValue>0</parameterValue></parameter><parameter><parameterNumber>1017</parameterNumber><parameterValue>50</parameterValue></parameter><parameter><parameterNumber>1002</parameterNumber><parameterValue>-9.53E-07</parameterValue></parameter><parameter><parameterNumber>1200</parameterNumber><parameterValue>-1.797693E+308</parameterValue></parameter><parameter><parameterNumber>1201</parameterNumber><parameterValue>1.797693E+308</parameterValue></parameter><parameter><parameterNumber>1202</parameterNumber><parameterValue>1</parameterValue></parameter><parameter><parameterNumber>1210</parameterNumber><parameterValue>-1.797693E+308</parameterValue></parameter><parameter><parameterNumber>1211</parameterNumber><parameterValue>1.797693E+308</parameterValue></parameter><parameter><parameterNumber>1212</parameterNumber><parameterValue>1</parameterValue></parameter><parameter><parameterNumber>1220</parameterNumber><parameterValue>-1.797693E+308</parameterValue></parameter><parameter><parameterNumber>1221</parameterNumber><parameterValue>1.797693E+308</parameterValue></parameter><parameter><parameterNumber>1222</parameterNumber><parameterValue>1</parameterValue></parameter><parameter><parameterNumber>1230</parameterNumber><parameterValue>-1.797693E+308</parameterValue></parameter><parameter><parameterNumber>1231</parameterNumber><parameterValue>1.797693E+308</parameterValue></parameter><parameter><parameterNumber>1232</parameterNumber><parameterValue>1</parameterValue></parameter><parameter><parameterNumber>1300</parameterNumber><parameterValue>0</parameterValue></parameter><parameter><parameterNumber>1301</parameterNumber><parameterValue>0.1</parameterValue></parameter><parameter><parameterNumber>1310</parameterNumber><parameterValue>1</parameterValue></parameter><parameter><parameterNumber>1311</parameterNumber><parameterValue>0</parameterValue></parameter><parameter><parameterNumber>1007</parameterNumber><parameterValue>0</parameterValue></parameter><parameter><parameterNumber>1008</parameterNumber><parameterValue>1</parameterValue></parameter><parameter><parameterNumber>1009</parameterNumber><parameterValue>AXIS1</parameterValue></parameter><parameter><parameterNumber>1013</parameterNumber><parameterValue>1</parameterValue></parameter><parameter><parameterNumber>1015</parameterNumber><parameterValue>1</parameterValue></parameter><parameter><parameterNumber>1016</parameterNumber><parameterValue>50</parameterValue></parameter><parameter><parameterNumber>1018</parameterNumber><parameterValue>1</parameterValue></parameter><parameter><parameterNumber>1019</parameterNumber><parameterValue>SGDV-R90A11A</parameterValue></parameter><parameter><parameterNumber>1020</parameterNumber><parameterValue>36</parameterValue></parameter><parameter><parameterNumber>1021</parameterNumber><parameterValue>rotary</parameterValue></parameter><parameter><parameterNumber>1022</parameterNumber><parameterValue>100</parameterValue></parameter><parameter><parameterNumber>1023</parameterNumber><parameterValue>SGMAV-01A3A61</parameterValue></parameter><parameter><parameterNumber>1024</parameterNumber><parameterValue>rotary</parameterValue></parameter><parameter><parameterNumber>1025</parameterNumber><parameterValue>100</parameterValue></parameter><parameter><parameterNumber>1026</parameterNumber><parameterValue>incremental (ABS-capable)</parameterValue></parameter><parameter><parameterNumber>1027</parameterNumber><parameterValue>1048576</parameterValue></parameter><parameter><parameterNumber>1028</parameterNumber><parameterValue>1</parameterValue></parameter><parameter><parameterNumber>1031</parameterNumber><parameterValue>1</parameterValue></parameter><parameter><parameterNumber>1033</parameterNumber><parameterValue>1</parameterValue></parameter><parameter><parameterNumber>1034</parameterNumber><parameterValue>1</parameterValue></parameter><parameter><parameterNumber>1035</parameterNumber><parameterValue>0</parameterValue></parameter><parameter><parameterNumber>1036</parameterNumber><parameterValue>0.318000000</parameterValue></parameter><parameter><parameterNumber>1037</parameterNumber><parameterValue>3000</parameterValue></parameter><parameter><parameterNumber>1048</parameterNumber><parameterValue>0</parameterValue></parameter><parameter><parameterNumber>2020</parameterNumber><parameterValue>0</parameterValue></parameter><parameter><parameterNumber>2028</parameterNumber><parameterValue>300</parameterValue></parameter><parameter><parameterNumber>2029</parameterNumber><parameterValue>0</parameterValue></parameter></axisControllerParameters><axisControllerParameters><axisInfo><axisName>AXIS2</axisName><nodeNumber>2</nodeNumber><networkNumber>1</networkNumber></axisInfo><parameter><parameterNumber>1000</parameterNumber><parameterValue>-2.544874816</parameterValue></parameter><parameter><parameterNumber>1001</parameterNumber><parameterValue>0</parameterValue></parameter><parameter><parameterNumber>1004</parameterNumber><parameterValue>0</parameterValue></parameter><parameter><parameterNumber>1010</parameterNumber><parameterValue>0</parameterValue></parameter><parameter><parameterNumber>1011</parameterNumber><parameterValue>0</parameterValue></parameter><parameter><parameterNumber>1014</parameterNumber><parameterValue>0</parameterValue></parameter><parameter><parameterNumber>1017</parameterNumber><parameterValue>50</parameterValue></parameter><parameter><parameterNumber>1002</parameterNumber><parameterValue>0</parameterValue></parameter><parameter><parameterNumber>1200</parameterNumber><parameterValue>-1.797693E+308</parameterValue></parameter><parameter><parameterNumber>1201</parameterNumber><parameterValue>1.797693E+308</parameterValue></parameter><parameter><parameterNumber>1202</parameterNumber><parameterValue>1</parameterValue></parameter><parameter><parameterNumber>1210</parameterNumber><parameterValue>-1.797693E+308</parameterValue></parameter><parameter><parameterNumber>1211</parameterNumber><parameterValue>1.797693E+308</parameterValue></parameter><parameter><parameterNumber>1212</parameterNumber><parameterValue>1</parameterValue></parameter><parameter><parameterNumber>1220</parameterNumber><parameterValue>-1.797693E+308</parameterValue></parameter><parameter><parameterNumber>1221</parameterNumber><parameterValue>1.797693E+308</parameterValue></parameter><parameter><parameterNumber>1222</parameterNumber><parameterValue>1</parameterValue></parameter><parameter><parameterNumber>1230</parameterNumber><parameterValue>-1.797693E+308</parameterValue></parameter><parameter><parameterNumber>1231</parameterNumber><parameterValue>1.797693E+308</parameterValue></parameter><parameter><parameterNumber>1232</parameterNumber><parameterValue>1</parameterValue></parameter><parameter><parameterNumber>1300</parameterNumber><parameterValue>0</parameterValue></parameter><parameter><parameterNumber>1301</parameterNumber><parameterValue>0.1</parameterValue></parameter><parameter><parameterNumber>1310</parameterNumber><parameterValue>1</parameterValue></parameter><parameter><parameterNumber>1311</parameterNumber><parameterValue>0</parameterValue></parameter><parameter><parameterNumber>1007</parameterNumber><parameterValue>0</parameterValue></parameter><parameter><parameterNumber>1008</parameterNumber><parameterValue>1</parameterValue></parameter><parameter><parameterNumber>1009</parameterNumber><parameterValue>AXIS2</parameterValue></parameter><parameter><parameterNumber>1013</parameterNumber><parameterValue>1</parameterValue></parameter><parameter><parameterNumber>1015</parameterNumber><parameterValue>1</parameterValue></parameter><parameter><parameterNumber>1016</parameterNumber><parameterValue>50</parameterValue></parameter><parameter><parameterNumber>1018</parameterNumber><parameterValue>2</parameterValue></parameter><parameter><parameterNumber>1019</parameterNumber><parameterValue>SGDV-R90A11A</parameterValue></parameter><parameter><parameterNumber>1020</parameterNumber><parameterValue>36</parameterValue></parameter><parameter><parameterNumber>1021</parameterNumber><parameterValue>rotary</parameterValue></parameter><parameter><parameterNumber>1022</parameterNumber><parameterValue>100</parameterValue></parameter><parameter><parameterNumber>1023</parameterNumber><parameterValue>SGMAV-01A3A61</parameterValue></parameter><parameter><parameterNumber>1024</parameterNumber><parameterValue>rotary</parameterValue></parameter><parameter><parameterNumber>1025</parameterNumber><parameterValue>100</parameterValue></parameter><parameter><parameterNumber>1026</parameterNumber><parameterValue>incremental (ABS-capable)</parameterValue></parameter><parameter><parameterNumber>1027</parameterNumber><parameterValue>1048576</parameterValue></parameter><parameter><parameterNumber>1028</parameterNumber><parameterValue>1</parameterValue></parameter><parameter><parameterNumber>1031</parameterNumber><parameterValue>2</parameterValue></parameter><parameter><parameterNumber>1033</parameterNumber><parameterValue>1</parameterValue></parameter><parameter><parameterNumber>1034</parameterNumber><parameterValue>1</parameterValue></parameter><parameter><parameterNumber>1035</parameterNumber><parameterValue>0</parameterValue></parameter><parameter><parameterNumber>1036</parameterNumber><parameterValue>0.318000000</parameterValue></parameter><parameter><parameterNumber>1037</parameterNumber><parameterValue>3000</parameterValue></parameter><parameter><parameterNumber>1048</parameterNumber><parameterValue>0</parameterValue></parameter><parameter><parameterNumber>2020</parameterNumber><parameterValue>0</parameterValue></parameter><parameter><parameterNumber>2028</parameterNumber><parameterValue>300</parameterValue></parameter><parameter><parameterNumber>2029</parameterNumber><parameterValue>0</parameterValue></parameter></axisControllerParameters><axisControllerParameters><axisInfo><axisName>AXIS3</axisName><nodeNumber>3</nodeNumber><networkNumber>1</networkNumber></axisInfo><parameter><parameterNumber>1000</parameterNumber><parameterValue>9.53E-07</parameterValue></parameter><parameter><parameterNumber>1001</parameterNumber><parameterValue>0</parameterValue></parameter><parameter><parameterNumber>1004</parameterNumber><parameterValue>0</parameterValue></parameter><parameter><parameterNumber>1010</parameterNumber><parameterValue>0</parameterValue></parameter><parameter><parameterNumber>1011</parameterNumber><parameterValue>0</parameterValue></parameter><parameter><parameterNumber>1014</parameterNumber><parameterValue>0</parameterValue></parameter><parameter><parameterNumber>1017</parameterNumber><parameterValue>50</parameterValue></parameter><parameter><parameterNumber>1002</parameterNumber><parameterValue>0</parameterValue></parameter><parameter><parameterNumber>1200</parameterNumber><parameterValue>-1.797693E+308</parameterValue></parameter><parameter><parameterNumber>1201</parameterNumber><parameterValue>1.797693E+308</parameterValue></parameter><parameter><parameterNumber>1202</parameterNumber><parameterValue>1</parameterValue></parameter><parameter><parameterNumber>1210</parameterNumber><parameterValue>-1.797693E+308</parameterValue></parameter><parameter><parameterNumber>1211</parameterNumber><parameterValue>1.797693E+308</parameterValue></parameter><parameter><parameterNumber>1212</parameterNumber><parameterValue>1</parameterValue></parameter><parameter><parameterNumber>1220</parameterNumber><parameterValue>-1.797693E+308</parameterValue></parameter><parameter><parameterNumber>1221</parameterNumber><parameterValue>1.797693E+308</parameterValue></parameter><parameter><parameterNumber>1222</parameterNumber><parameterValue>1</parameterValue></parameter><parameter><parameterNumber>1230</parameterNumber><parameterValue>-1.797693E+308</parameterValue></parameter><parameter><parameterNumber>1231</parameterNumber><parameterValue>1.797693E+308</parameterValue></parameter><parameter><parameterNumber>1232</parameterNumber><parameterValue>1</parameterValue></parameter><parameter><parameterNumber>1300</parameterNumber><parameterValue>0</parameterValue></parameter><parameter><parameterNumber>1301</parameterNumber><parameterValue>0.1</parameterValue></parameter><parameter><parameterNumber>1310</parameterNumber><parameterValue>1</parameterValue></parameter><parameter><parameterNumber>1311</parameterNumber><parameterValue>0</parameterValue></parameter><parameter><parameterNumber>1007</parameterNumber><parameterValue>0</parameterValue></parameter><parameter><parameterNumber>1008</parameterNumber><parameterValue>1</parameterValue></parameter><parameter><parameterNumber>1009</parameterNumber><parameterValue>AXIS3</parameterValue></parameter><parameter><parameterNumber>1013</parameterNumber><parameterValue>1</parameterValue></parameter><parameter><parameterNumber>1015</parameterNumber><parameterValue>1</parameterValue></parameter><parameter><parameterNumber>1016</parameterNumber><parameterValue>50</parameterValue></parameter><parameter><parameterNumber>1018</parameterNumber><parameterValue>3</parameterValue></parameter><parameter><parameterNumber>1019</parameterNumber><parameterValue>SGDV-R70A11B002000</parameterValue></parameter><parameter><parameterNumber>1020</parameterNumber><parameterValue>40</parameterValue></parameter><parameter><parameterNumber>1021</parameterNumber><parameterValue>rotary</parameterValue></parameter><parameter><parameterNumber>1022</parameterNumber><parameterValue>50</parameterValue></parameter><parameter><parameterNumber>1023</parameterNumber><parameterValue>SGMAV-A5A3A61</parameterValue></parameter><parameter><parameterNumber>1024</parameterNumber><parameterValue>rotary</parameterValue></parameter><parameter><parameterNumber>1025</parameterNumber><parameterValue>50</parameterValue></parameter><parameter><parameterNumber>1026</parameterNumber><parameterValue>incremental (ABS-capable)</parameterValue></parameter><parameter><parameterNumber>1027</parameterNumber><parameterValue>1048576</parameterValue></parameter><parameter><parameterNumber>1028</parameterNumber><parameterValue>1</parameterValue></parameter><parameter><parameterNumber>1031</parameterNumber><parameterValue>3</parameterValue></parameter><parameter><parameterNumber>1033</parameterNumber><parameterValue>1</parameterValue></parameter><parameter><parameterNumber>1034</parameterNumber><parameterValue>1</parameterValue></parameter><parameter><parameterNumber>1035</parameterNumber><parameterValue>0</parameterValue></parameter><parameter><parameterNumber>1036</parameterNumber><parameterValue>0.159000000</parameterValue></parameter><parameter><parameterNumber>1037</parameterNumber><parameterValue>3000</parameterValue></parameter><parameter><parameterNumber>1048</parameterNumber><parameterValue>0</parameterValue></parameter><parameter><parameterNumber>2020</parameterNumber><parameterValue>0</parameterValue></parameter><parameter><parameterNumber>2028</parameterNumber><parameterValue>300</parameterValue></parameter><parameter><parameterNumber>2029</parameterNumber><parameterValue>0</parameterValue></parameter></axisControllerParameters><axisControllerParameters><axisInfo><axisName>AXIS4</axisName><nodeNumber>4</nodeNumber><networkNumber>1</networkNumber></axisInfo><parameter><parameterNumber>1000</parameterNumber><parameterValue>-5.978247642</parameterValue></parameter><parameter><parameterNumber>1001</parameterNumber><parameterValue>0</parameterValue></parameter><parameter><parameterNumber>1004</parameterNumber><parameterValue>0</parameterValue></parameter><parameter><parameterNumber>1010</parameterNumber><parameterValue>0</parameterValue></parameter><parameter><parameterNumber>1011</parameterNumber><parameterValue>0</parameterValue></parameter><parameter><parameterNumber>1014</parameterNumber><parameterValue>0</parameterValue></parameter><parameter><parameterNumber>1017</parameterNumber><parameterValue>50</parameterValue></parameter><parameter><parameterNumber>1002</parameterNumber><parameterValue>0</parameterValue></parameter><parameter><parameterNumber>1200</parameterNumber><parameterValue>-1.797693E+308</parameterValue></parameter><parameter><parameterNumber>1201</parameterNumber><parameterValue>1.797693E+308</parameterValue></parameter><parameter><parameterNumber>1202</parameterNumber><parameterValue>1</parameterValue></parameter><parameter><parameterNumber>1210</parameterNumber><parameterValue>-1.797693E+308</parameterValue></parameter><parameter><parameterNumber>1211</parameterNumber><parameterValue>1.797693E+308</parameterValue></parameter><parameter><parameterNumber>1212</parameterNumber><parameterValue>1</parameterValue></parameter><parameter><parameterNumber>1220</parameterNumber><parameterValue>-1.797693E+308</parameterValue></parameter><parameter><parameterNumber>1221</parameterNumber><parameterValue>1.797693E+308</parameterValue></parameter><parameter><parameterNumber>1222</parameterNumber><parameterValue>1</parameterValue></parameter><parameter><parameterNumber>1230</parameterNumber><parameterValue>-1.797693E+308</parameterValue></parameter><parameter><parameterNumber>1231</parameterNumber><parameterValue>1.797693E+308</parameterValue></parameter><parameter><parameterNumber>1232</parameterNumber><parameterValue>1</parameterValue></parameter><parameter><parameterNumber>1300</parameterNumber><parameterValue>0</parameterValue></parameter><parameter><parameterNumber>1301</parameterNumber><parameterValue>0.1</parameterValue></parameter><parameter><parameterNumber>1310</parameterNumber><parameterValue>1</parameterValue></parameter><parameter><parameterNumber>1311</parameterNumber><parameterValue>0</parameterValue></parameter><parameter><parameterNumber>1007</parameterNumber><parameterValue>0</parameterValue></parameter><parameter><parameterNumber>1008</parameterNumber><parameterValue>1</parameterValue></parameter><parameter><parameterNumber>1009</parameterNumber><parameterValue>AXIS4</parameterValue></parameter><parameter><parameterNumber>1013</parameterNumber><parameterValue>1</parameterValue></parameter><parameter><parameterNumber>1015</parameterNumber><parameterValue>1</parameterValue></parameter><parameter><parameterNumber>1016</parameterNumber><parameterValue>50</parameterValue></parameter><parameter><parameterNumber>1018</parameterNumber><parameterValue>4</parameterValue></parameter><parameter><parameterNumber>1019</parameterNumber><parameterValue>SGDV-R70A11B002000</parameterValue></parameter><parameter><parameterNumber>1020</parameterNumber><parameterValue>40</parameterValue></parameter><parameter><parameterNumber>1021</parameterNumber><parameterValue>rotary</parameterValue></parameter><parameter><parameterNumber>1022</parameterNumber><parameterValue>50</parameterValue></parameter><parameter><parameterNumber>1023</parameterNumber><parameterValue>SGMAV-A5A3A61</parameterValue></parameter><parameter><parameterNumber>1024</parameterNumber><parameterValue>rotary</parameterValue></parameter><parameter><parameterNumber>1025</parameterNumber><parameterValue>50</parameterValue></parameter><parameter><parameterNumber>1026</parameterNumber><parameterValue>incremental (ABS-capable)</parameterValue></parameter><parameter><parameterNumber>1027</parameterNumber><parameterValue>1048576</parameterValue></parameter><parameter><parameterNumber>1028</parameterNumber><parameterValue>1</parameterValue></parameter><parameter><parameterNumber>1031</parameterNumber><parameterValue>4</parameterValue></parameter><parameter><parameterNumber>1033</parameterNumber><parameterValue>1</parameterValue></parameter><parameter><parameterNumber>1034</parameterNumber><parameterValue>1</parameterValue></parameter><parameter><parameterNumber>1035</parameterNumber><parameterValue>0</parameterValue></parameter><parameter><parameterNumber>1036</parameterNumber><parameterValue>0.159000000</parameterValue></parameter><parameter><parameterNumber>1037</parameterNumber><parameterValue>3000</parameterValue></parameter><parameter><parameterNumber>1048</parameterNumber><parameterValue>0</parameterValue></parameter><parameter><parameterNumber>2020</parameterNumber><parameterValue>0</parameterValue></parameter><parameter><parameterNumber>2028</parameterNumber><parameterValue>300</parameterValue></parameter><parameter><parameterNumber>2029</parameterNumber><parameterValue>0</parameterValue></parameter></axisControllerParameters><axisControllerParameters><axisInfo><axisName>AXIS26</axisName><nodeNumber>26</nodeNumber><networkNumber>1</networkNumber></axisInfo><parameter><parameterNumber>1000</parameterNumber><parameterValue>0</parameterValue></parameter><parameter><parameterNumber>1001</parameterNumber><parameterValue>0</parameterValue></parameter><parameter><parameterNumber>1004</parameterNumber><parameterValue>0</parameterValue></parameter><parameter><parameterNumber>1002</parameterNumber><parameterValue>0</parameterValue></parameter><parameter><parameterNumber>1200</parameterNumber><parameterValue>-1.797693E+308</parameterValue></parameter><parameter><parameterNumber>1201</parameterNumber><parameterValue>1.797693E+308</parameterValue></parameter><parameter><parameterNumber>1202</parameterNumber><parameterValue>1</parameterValue></parameter><parameter><parameterNumber>1210</parameterNumber><parameterValue>-1.797693E+308</parameterValue></parameter><parameter><parameterNumber>1211</parameterNumber><parameterValue>1.797693E+308</parameterValue></parameter><parameter><parameterNumber>1212</parameterNumber><parameterValue>1</parameterValue></parameter><parameter><parameterNumber>1220</parameterNumber><parameterValue>-1.797693E+308</parameterValue></parameter><parameter><parameterNumber>1221</parameterNumber><parameterValue>1.797693E+308</parameterValue></parameter><parameter><parameterNumber>1222</parameterNumber><parameterValue>1</parameterValue></parameter><parameter><parameterNumber>1230</parameterNumber><parameterValue>-1.797693E+308</parameterValue></parameter><parameter><parameterNumber>1231</parameterNumber><parameterValue>1.797693E+308</parameterValue></parameter><parameter><parameterNumber>1232</parameterNumber><parameterValue>1</parameterValue></parameter><parameter><parameterNumber>1300</parameterNumber><parameterValue>0</parameterValue></parameter><parameter><parameterNumber>1301</parameterNumber><parameterValue>0.1</parameterValue></parameter><parameter><parameterNumber>1007</parameterNumber><parameterValue>0</parameterValue></parameter><parameter><parameterNumber>1008</parameterNumber><parameterValue>1</parameterValue></parameter><parameter><parameterNumber>1009</parameterNumber><parameterValue>AXIS26</parameterValue></parameter><parameter><parameterNumber>1013</parameterNumber><parameterValue>1</parameterValue></parameter><parameter><parameterNumber>1015</parameterNumber><parameterValue>1</parameterValue></parameter><parameter><parameterNumber>1018</parameterNumber><parameterValue>26</parameterValue></parameter><parameter><parameterNumber>1031</parameterNumber><parameterValue>26</parameterValue></parameter><parameter><parameterNumber>1033</parameterNumber><parameterValue>1</parameterValue></parameter><parameter><parameterNumber>1034</parameterNumber><parameterValue>1</parameterValue></parameter></axisControllerParameters><axisControllerParameters><axisInfo><axisName>AXIS27</axisName><nodeNumber>27</nodeNumber><networkNumber>1</networkNumber></axisInfo><parameter><parameterNumber>1000</parameterNumber><parameterValue>0</parameterValue></parameter><parameter><parameterNumber>1001</parameterNumber><parameterValue>0</parameterValue></parameter><parameter><parameterNumber>1004</parameterNumber><parameterValue>0</parameterValue></parameter><parameter><parameterNumber>1002</parameterNumber><parameterValue>0</parameterValue></parameter><parameter><parameterNumber>1200</parameterNumber><parameterValue>-1.797693E+308</parameterValue></parameter><parameter><parameterNumber>1201</parameterNumber><parameterValue>1.797693E+308</parameterValue></parameter><parameter><parameterNumber>1202</parameterNumber><parameterValue>1</parameterValue></parameter><parameter><parameterNumber>1210</parameterNumber><parameterValue>-1.797693E+308</parameterValue></parameter><parameter><parameterNumber>1211</parameterNumber><parameterValue>1.797693E+308</parameterValue></parameter><parameter><parameterNumber>1212</parameterNumber><parameterValue>1</parameterValue></parameter><parameter><parameterNumber>1220</parameterNumber><parameterValue>-1.797693E+308</parameterValue></parameter><parameter><parameterNumber>1221</parameterNumber><parameterValue>1.797693E+308</parameterValue></parameter><parameter><parameterNumber>1222</parameterNumber><parameterValue>1</parameterValue></parameter><parameter><parameterNumber>1230</parameterNumber><parameterValue>-1.797693E+308</parameterValue></parameter><parameter><parameterNumber>1231</parameterNumber><parameterValue>1.797693E+308</parameterValue></parameter><parameter><parameterNumber>1232</parameterNumber><parameterValue>1</parameterValue></parameter><parameter><parameterNumber>1300</parameterNumber><parameterValue>0</parameterValue></parameter><parameter><parameterNumber>1301</parameterNumber><parameterValue>0.1</parameterValue></parameter><parameter><parameterNumber>1007</parameterNumber><parameterValue>0</parameterValue></parameter><parameter><parameterNumber>1008</parameterNumber><parameterValue>1</parameterValue></parameter><parameter><parameterNumber>1009</parameterNumber><parameterValue>AXIS27</parameterValue></parameter><parameter><parameterNumber>1013</parameterNumber><parameterValue>1</parameterValue></parameter><parameter><parameterNumber>1015</parameterNumber><parameterValue>1</parameterValue></parameter><parameter><parameterNumber>1018</parameterNumber><parameterValue>27</parameterValue></parameter><parameter><parameterNumber>1031</parameterNumber><parameterValue>27</parameterValue></parameter><parameter><parameterNumber>1033</parameterNumber><parameterValue>1</parameterValue></parameter><parameter><parameterNumber>1034</parameterNumber><parameterValue>1</parameterValue></parameter></axisControllerParameters><axisControllerParameters><axisInfo><axisName>AXIS28</axisName><nodeNumber>28</nodeNumber><networkNumber>1</networkNumber></axisInfo><parameter><parameterNumber>1000</parameterNumber><parameterValue>0</parameterValue></parameter><parameter><parameterNumber>1001</parameterNumber><parameterValue>0</parameterValue></parameter><parameter><parameterNumber>1004</parameterNumber><parameterValue>0</parameterValue></parameter><parameter><parameterNumber>1002</parameterNumber><parameterValue>0</parameterValue></parameter><parameter><parameterNumber>1200</parameterNumber><parameterValue>-1.797693E+308</parameterValue></parameter><parameter><parameterNumber>1201</parameterNumber><parameterValue>1.797693E+308</parameterValue></parameter><parameter><parameterNumber>1202</parameterNumber><parameterValue>1</parameterValue></parameter><parameter><parameterNumber>1210</parameterNumber><parameterValue>-1.797693E+308</parameterValue></parameter><parameter><parameterNumber>1211</parameterNumber><parameterValue>1.797693E+308</parameterValue></parameter><parameter><parameterNumber>1212</parameterNumber><parameterValue>1</parameterValue></parameter><parameter><parameterNumber>1220</parameterNumber><parameterValue>-1.797693E+308</parameterValue></parameter><parameter><parameterNumber>1221</parameterNumber><parameterValue>1.797693E+308</parameterValue></parameter><parameter><parameterNumber>1222</parameterNumber><parameterValue>1</parameterValue></parameter><parameter><parameterNumber>1230</parameterNumber><parameterValue>-1.797693E+308</parameterValue></parameter><parameter><parameterNumber>1231</parameterNumber><parameterValue>1.797693E+308</parameterValue></parameter><parameter><parameterNumber>1232</parameterNumber><parameterValue>1</parameterValue></parameter><parameter><parameterNumber>1300</parameterNumber><parameterValue>0</parameterValue></parameter><parameter><parameterNumber>1301</parameterNumber><parameterValue>0.1</parameterValue></parameter><parameter><parameterNumber>1007</parameterNumber><parameterValue>0</parameterValue></parameter><parameter><parameterNumber>1008</parameterNumber><parameterValue>1</parameterValue></parameter><parameter><parameterNumber>1009</parameterNumber><parameterValue>AXIS28</parameterValue></parameter><parameter><parameterNumber>1013</parameterNumber><parameterValue>1</parameterValue></parameter><parameter><parameterNumber>1015</parameterNumber><parameterValue>1</parameterValue></parameter><parameter><parameterNumber>1018</parameterNumber><parameterValue>28</parameterValue></parameter><parameter><parameterNumber>1031</parameterNumber><parameterValue>28</parameterValue></parameter><parameter><parameterNumber>1033</parameterNumber><parameterValue>1</parameterValue></parameter><parameter><parameterNumber>1034</parameterNumber><parameterValue>1</parameterValue></parameter></axisControllerParameters><axisControllerParameters><axisInfo><axisName>AXIS29</axisName><nodeNumber>29</nodeNumber><networkNumber>1</networkNumber></axisInfo><parameter><parameterNumber>1000</parameterNumber><parameterValue>0</parameterValue></parameter><parameter><parameterNumber>1001</parameterNumber><parameterValue>0</parameterValue></parameter><parameter><parameterNumber>1004</parameterNumber><parameterValue>0</parameterValue></parameter><parameter><parameterNumber>1002</parameterNumber><parameterValue>0</parameterValue></parameter><parameter><parameterNumber>1200</parameterNumber><parameterValue>-1.797693E+308</parameterValue></parameter><parameter><parameterNumber>1201</parameterNumber><parameterValue>1.797693E+308</parameterValue></parameter><parameter><parameterNumber>1202</parameterNumber><parameterValue>1</parameterValue></parameter><parameter><parameterNumber>1210</parameterNumber><parameterValue>-1.797693E+308</parameterValue></parameter><parameter><parameterNumber>1211</parameterNumber><parameterValue>1.797693E+308</parameterValue></parameter><parameter><parameterNumber>1212</parameterNumber><parameterValue>1</parameterValue></parameter><parameter><parameterNumber>1220</parameterNumber><parameterValue>-1.797693E+308</parameterValue></parameter><parameter><parameterNumber>1221</parameterNumber><parameterValue>1.797693E+308</parameterValue></parameter><parameter><parameterNumber>1222</parameterNumber><parameterValue>1</parameterValue></parameter><parameter><parameterNumber>1230</parameterNumber><parameterValue>-1.797693E+308</parameterValue></parameter><parameter><parameterNumber>1231</parameterNumber><parameterValue>1.797693E+308</parameterValue></parameter><parameter><parameterNumber>1232</parameterNumber><parameterValue>1</parameterValue></parameter><parameter><parameterNumber>1300</parameterNumber><parameterValue>0</parameterValue></parameter><parameter><parameterNumber>1301</parameterNumber><parameterValue>0.1</parameterValue></parameter><parameter><parameterNumber>1007</parameterNumber><parameterValue>0</parameterValue></parameter><parameter><parameterNumber>1008</parameterNumber><parameterValue>1</parameterValue></parameter><parameter><parameterNumber>1009</parameterNumber><parameterValue>AXIS29</parameterValue></parameter><parameter><parameterNumber>1013</parameterNumber><parameterValue>1</parameterValue></parameter><parameter><parameterNumber>1015</parameterNumber><parameterValue>1</parameterValue></parameter><parameter><parameterNumber>1018</parameterNumber><parameterValue>29</parameterValue></parameter><parameter><parameterNumber>1031</parameterNumber><parameterValue>29</parameterValue></parameter><parameter><parameterNumber>1033</parameterNumber><parameterValue>1</parameterValue></parameter><parameter><parameterNumber>1034</parameterNumber><parameterValue>1</parameterValue></parameter></axisControllerParameters><axisControllerParameters><axisInfo><axisName>AXIS30</axisName><nodeNumber>30</nodeNumber><networkNumber>1</networkNumber></axisInfo><parameter><parameterNumber>1000</parameterNumber><parameterValue>0</parameterValue></parameter><parameter><parameterNumber>1001</parameterNumber><parameterValue>0</parameterValue></parameter><parameter><parameterNumber>1004</parameterNumber><parameterValue>0</parameterValue></parameter><parameter><parameterNumber>1002</parameterNumber><parameterValue>0</parameterValue></parameter><parameter><parameterNumber>1200</parameterNumber><parameterValue>-1.797693E+308</parameterValue></parameter><parameter><parameterNumber>1201</parameterNumber><parameterValue>1.797693E+308</parameterValue></parameter><parameter><parameterNumber>1202</parameterNumber><parameterValue>1</parameterValue></parameter><parameter><parameterNumber>1210</parameterNumber><parameterValue>-1.797693E+308</parameterValue></parameter><parameter><parameterNumber>1211</parameterNumber><parameterValue>1.797693E+308</parameterValue></parameter><parameter><parameterNumber>1212</parameterNumber><parameterValue>1</parameterValue></parameter><parameter><parameterNumber>1220</parameterNumber><parameterValue>-1.797693E+308</parameterValue></parameter><parameter><parameterNumber>1221</parameterNumber><parameterValue>1.797693E+308</parameterValue></parameter><parameter><parameterNumber>1222</parameterNumber><parameterValue>1</parameterValue></parameter><parameter><parameterNumber>1230</parameterNumber><parameterValue>-1.797693E+308</parameterValue></parameter><parameter><parameterNumber>1231</parameterNumber><parameterValue>1.797693E+308</parameterValue></parameter><parameter><parameterNumber>1232</parameterNumber><parameterValue>1</parameterValue></parameter><parameter><parameterNumber>1300</parameterNumber><parameterValue>0</parameterValue></parameter><parameter><parameterNumber>1301</parameterNumber><parameterValue>0.1</parameterValue></parameter><parameter><parameterNumber>1007</parameterNumber><parameterValue>0</parameterValue></parameter><parameter><parameterNumber>1008</parameterNumber><parameterValue>1</parameterValue></parameter><parameter><parameterNumber>1009</parameterNumber><parameterValue>AXIS30</parameterValue></parameter><parameter><parameterNumber>1013</parameterNumber><parameterValue>1</parameterValue></parameter><parameter><parameterNumber>1015</parameterNumber><parameterValue>1</parameterValue></parameter><parameter><parameterNumber>1018</parameterNumber><parameterValue>30</parameterValue></parameter><parameter><parameterNumber>1031</parameterNumber><parameterValue>30</parameterValue></parameter><parameter><parameterNumber>1033</parameterNumber><parameterValue>1</parameterValue></parameter><parameter><parameterNumber>1034</parameterNumber><parameterValue>1</parameterValue></parameter></axisControllerParameters></axisParameters><manageLibraries>True</manageLibraries><mlxNodes /><msyncNodes /></controllerConfig>