<ProjectInformation NodeType="1"><Resource NodeType="2" Name="Resource"><IOConfiguration NodeType="4" Name="IO_CONFIGURATION"><Varconf NodeType="0"><MemoryGroup NodeType="11" Name="NonRetain" Task="" StartAddress="20000" Length="6564" IsRetain="0" UserArea="0"/><MemoryGroup NodeType="11" Name="u_NonRetain" Task="" StartAddress="0" Length="20000" IsRetain="0" UserArea="-1"/><MemoryGroup NodeType="11" Name="u_Retain" Task="" StartAddress="1572864" Length="8" IsRetain="-1" UserArea="-1"/></Varconf><Input NodeType="0"><IOGroup NodeType="5" Name="IAX1" IsOutputGroup="0" BufferedAccess="-1" Task="FastTsk" StartAddress="53248" Length="8" MemoryAddress="0" IsRetain="0" UsesDriver="-1" RefreshByTask="-1"><IODriver NodeType="6" Name="SNIODrv" DataType="1" Parameter1="1" Parameter2="0" Parameter3="1" Parameter4="0"/></IOGroup><IOGroup NodeType="5" Name="IAX2" IsOutputGroup="0" BufferedAccess="-1" Task="FastTsk" StartAddress="53312" Length="8" MemoryAddress="0" IsRetain="0" UsesDriver="-1" RefreshByTask="-1"><IODriver NodeType="6" Name="SNIODrv" DataType="1" Parameter1="1" Parameter2="0" Parameter3="2" Parameter4="0"/></IOGroup><IOGroup NodeType="5" Name="IAX3" IsOutputGroup="0" BufferedAccess="-1" Task="FastTsk" StartAddress="53376" Length="8" MemoryAddress="0" IsRetain="0" UsesDriver="-1" RefreshByTask="-1"><IODriver NodeType="6" Name="SNIODrv" DataType="1" Parameter1="1" Parameter2="0" Parameter3="3" Parameter4="0"/></IOGroup><IOGroup NodeType="5" Name="IAX4" IsOutputGroup="0" BufferedAccess="-1" Task="FastTsk" StartAddress="53440" Length="8" MemoryAddress="0" IsRetain="0" UsesDriver="-1" RefreshByTask="-1"><IODriver NodeType="6" Name="SNIODrv" DataType="1" Parameter1="1" Parameter2="0" Parameter3="4" Parameter4="0"/></IOGroup><IOGroup NodeType="5" Name="IMO1" IsOutputGroup="0" BufferedAccess="-1" Task="FastTsk" StartAddress="61504" Length="2" MemoryAddress="0" IsRetain="0" UsesDriver="-1" RefreshByTask="-1"><IODriver NodeType="6" Name="LIODrv" DataType="1" Parameter1="1" Parameter2="0" Parameter3="1" Parameter4="0"/></IOGroup><IOGroup NodeType="5" Name="iMBWCoil05" IsOutputGroup="0" BufferedAccess="-1" Task="FastTsk" StartAddress="24560" Length="16" MemoryAddress="0" IsRetain="0" UsesDriver="-1" RefreshByTask="-1"><IODriver NodeType="6" Name="MBSIODrv" DataType="1" Parameter1="1" Parameter2="1" Parameter3="128" Parameter4="0"/></IOGroup><IOGroup NodeType="5" Name="iMBWHR0616" IsOutputGroup="0" BufferedAccess="-1" Task="FastTsk" StartAddress="28672" Length="2048" MemoryAddress="0" IsRetain="0" UsesDriver="-1" RefreshByTask="-1"><IODriver NodeType="6" Name="MBSIODrv" DataType="1" Parameter1="0" Parameter2="1" Parameter3="1024" Parameter4="0"/></IOGroup></Input><Output NodeType="0"><IOGroup NodeType="5" Name="OAX1" IsOutputGroup="-1" BufferedAccess="-1" Task="FastTsk" StartAddress="53248" Length="1" MemoryAddress="0" IsRetain="0" UsesDriver="-1" RefreshByTask="-1"><IODriver NodeType="6" Name="SNIODrv" DataType="1" Parameter1="2" Parameter2="0" Parameter3="1" Parameter4="0"/></IOGroup><IOGroup NodeType="5" Name="OAX2" IsOutputGroup="-1" BufferedAccess="-1" Task="FastTsk" StartAddress="53312" Length="1" MemoryAddress="0" IsRetain="0" UsesDriver="-1" RefreshByTask="-1"><IODriver NodeType="6" Name="SNIODrv" DataType="1" Parameter1="2" Parameter2="0" Parameter3="2" Parameter4="0"/></IOGroup><IOGroup NodeType="5" Name="OAX3" IsOutputGroup="-1" BufferedAccess="-1" Task="FastTsk" StartAddress="53376" Length="1" MemoryAddress="0" IsRetain="0" UsesDriver="-1" RefreshByTask="-1"><IODriver NodeType="6" Name="SNIODrv" DataType="1" Parameter1="2" Parameter2="0" Parameter3="3" Parameter4="0"/></IOGroup><IOGroup NodeType="5" Name="OAX4" IsOutputGroup="-1" BufferedAccess="-1" Task="FastTsk" StartAddress="53440" Length="1" MemoryAddress="0" IsRetain="0" UsesDriver="-1" RefreshByTask="-1"><IODriver NodeType="6" Name="SNIODrv" DataType="1" Parameter1="2" Parameter2="0" Parameter3="4" Parameter4="0"/></IOGroup><IOGroup NodeType="5" Name="OMO1" IsOutputGroup="-1" BufferedAccess="-1" Task="FastTsk" StartAddress="61504" Length="2" MemoryAddress="0" IsRetain="0" UsesDriver="-1" RefreshByTask="-1"><IODriver NodeType="6" Name="LIODrv" DataType="1" Parameter1="2" Parameter2="0" Parameter3="1" Parameter4="0"/></IOGroup><IOGroup NodeType="5" Name="oMBInputs02" IsOutputGroup="-1" BufferedAccess="-1" Task="FastTsk" StartAddress="24560" Length="16" MemoryAddress="0" IsRetain="0" UsesDriver="-1" RefreshByTask="-1"><IODriver NodeType="6" Name="MBSIODrv" DataType="1" Parameter1="3" Parameter2="1" Parameter3="128" Parameter4="0"/></IOGroup><IOGroup NodeType="5" Name="oMBInReg04" IsOutputGroup="-1" BufferedAccess="-1" Task="FastTsk" StartAddress="28672" Length="2048" MemoryAddress="0" IsRetain="0" UsesDriver="-1" RefreshByTask="-1"><IODriver NodeType="6" Name="MBSIODrv" DataType="1" Parameter1="2" Parameter2="1" Parameter3="1024" Parameter4="0"/></IOGroup></Output></IOConfiguration><Tasks NodeType="0"><Task NodeType="3" Name="FastTsk" Type="2" Priority="0" Interval="8" WatchdogTime="8" StackType="1" Options="0" ProgramOfTask="PG0"/><Task NodeType="3" Name="MedTsk" Type="2" Priority="3" Interval="24" WatchdogTime="24" StackType="1" Options="0" ProgramOfTask="PG1"/><Task NodeType="3" Name="Start" Type="4" SpgId="0"/></Tasks><CRCs NodeType="13" Name="CRC's Root" RetainCRC="0" ProjectCRC="2723485698" OpcCRC="0" PddCRC="3673023180" FwLibExternalModulesCRC="0"/></Resource></ProjectInformation>
